"sumX","medianX","maxX","stdX","val_75","val_87_5","max_dif","med_dif","mean_upper_dif","sum_1st_half","sum_2nd_half"
0.176616915422886,0,0,0.17910447761194,0,0,0,0,0,0,0.159203980099502
"sumX","medianX","maxX","stdX","val_75","val_87_5","max_dif","med_dif","mean_upper_dif","sum_1st_half","sum_2nd_half"
0.199004975124378,0.129353233830846,0.216417910447761,0.216417910447761,0.213930348258706,0.213930348258706,0.223880597014925,0.0945273631840796,0.221393034825871,0.194029850746269,0.196517412935323
